{"class_frame_error_rates": {"0": 1.2295081967213115, "1": 0.0, "2": 0.022650056625141562, "3": 0.0, "4": 0.0, "5": 0.149812734082397, "6": 0.0, "7": 0.0, "8": 0.0, "9": 0.0, "10": 0.0, "11": 0.0, "12": 0.0, "13": 0.0, "14": 0.0, "15": 0.0, "16": 0.0, "17": 0.0, "18": 0.17331022530329288, "19": 0.0, "20": 0.0, "21": 0.4016064257028112, "22": 0.0, "23": 0.0, "24": 0.0}, "total_frame_error_rate": 0.1272727272727273}