{"class_frame_error_rates": {"0": 42.74447949526814, "1": NaN, "2": 75.0, "3": NaN, "4": NaN, "5": NaN, "6": 37.5, "7": NaN, "8": 33.33333333333333, "9": NaN, "10": 100.0, "11": 6.976744186046512, "12": 50.0, "13": NaN, "14": NaN, "15": NaN, "16": NaN, "17": NaN, "18": 52.72727272727272, "19": 100.0, "20": 100.0, "21": 87.5, "22": NaN, "23": NaN, "24": NaN, "25": NaN, "26": NaN, "27": NaN, "28": NaN, "29": NaN, "30": 100.0, "31": NaN, "32": NaN, "33": 98.7228607918263, "34": 3.125, "35": 1.9417475728155338, "36": NaN, "37": NaN, "38": NaN, "39": 38.59649122807017, "40": NaN, "41": 84.51688009313155, "42": 0.0, "43": 99.58904109589041, "44": NaN, "45": 100.0, "46": 50.0, "47": 10.596026490066226, "48": NaN, "49": 4.761904761904762, "50": 23.456790123456788, "51": 11.797752808988763, "52": 100.0, "53": 23.92638036809816, "54": 66.92913385826772}, "total_frame_error_rate": 72.62009502023578}