{"class_frame_error_rates": {"0": 5.301117922827263, "1": 0.0, "2": 0.11025358324145534, "3": NaN, "4": 0.0, "5": 49.92420414350682, "6": 0.0, "7": 0.24330900243309003, "8": 0.35842293906810035, "9": 0.0, "10": 0.0, "11": 0.0, "12": 0.40774719673802245, "13": 0.0, "14": 7.142857142857142, "15": NaN, "16": 0.45731707317073167, "17": 0.9922822491730982, "18": 0.16339869281045752, "19": NaN, "20": 0.3305785123966942, "21": 0.0, "22": 0.0, "23": NaN, "24": NaN, "25": 0.11778563015312131, "26": 1.0204081632653061, "27": 0.27100271002710025, "28": 0.37174721189591076, "29": 0.0, "30": NaN, "31": NaN, "32": 0.3629764065335753, "33": 0.0, "34": 16.666666666666664, "35": 0.0, "36": 2.1491782553729455, "37": 0.10080645161290322, "38": 1.2021857923497268, "39": 1.2437810945273633, "40": 0.0, "41": NaN, "42": 1.1023622047244095, "43": 0.6711409395973155, "44": 1.0297482837528604, "45": 20.0, "46": 1.1126564673157162, "47": NaN, "48": 8.301264431006047, "49": NaN, "50": 100.0}, "total_frame_error_rate": 4.5588235294117645}